dataset,prompt_id,author,author_pred,text
hewlett,0,gpt-3.5-turbo-0125,human,"[Your Name]
[Your Address]
[City, State, Zip Code]
[Email Address]
[Phone Number]

[Date]

Editor,
[Newspaper Name]
[Address]
[City, State, Zip Code]

Dear Editor,

I am writing to express my opinion on the effects computers have on people and to persuade your readers to consider a balanced perspective on this important issue.

There is no denying that computers and technology have brought about numerous benefits to society. They have revolutionized the way we work, communicate, and learn. Computers teach hand-eye coordination, provide access to a vast amount of information, and allow people to connect with others from all corners of the globe. These advancements have undoubtedly enriched our lives in many ways.

However, it is crucial to acknowledge the potential negative impact that excessive computer use can have on individuals and society as a whole. Spending too much time in front of a screen can lead to sedentary lifestyles, decreased physical activity, and social isolation. It is concerning to see individuals becoming more detached from real-life interactions and nature as they immerse themselves in the digital world.

As a society, we must strive for a balance between the benefits of technology and the importance of maintaining our health, relationships, and connection to the natural world. Encouraging moderation in computer use, setting boundaries, and prioritizing activities that promote physical health and social well-being are essential steps in achieving this balance.

In conclusion, while computers have undoubtedly brought about significant advancements and opportunities, it is essential to be mindful of their potential drawbacks. Let us embrace technology while also valuing time spent away from screens, engaging in physical activities, and nurturing meaningful connections with one another.

Thank you for considering my perspective on this important issue.

Sincerely,

[Your Name]"
hewlett,1,gpt-3.5-turbo-0125,human,"Censorship in libraries has been a topic of debate for many years, with strong arguments on both sides. However, I firmly believe that certain materials, such as books, music, movies, and magazines, should not be removed from library shelves simply because they are deemed offensive. Freedom of information and the ability to access a wide range of viewpoints and ideas are essential components of a healthy society.

First and foremost, censorship limits the freedom of expression and the right to access information. Everyone should have the right to explore different perspectives, even those that challenge or offend them. By removing materials from library shelves based on subjective opinions of offensiveness, we risk creating an echo chamber where only certain ideas are allowed to flourish.

Moreover, censorship is a slippery slope. Once we start removing materials that some people find offensive, where do we draw the line? What may be offensive to one person may be enlightening or thought-provoking to another. As Katherine Paterson aptly put it, if we give one person the power to remove a book they find abhorrent, then everyone else also has the same right. This can quickly lead to a situation where there are no books left on the shelves for anyone to read.

In my own experience, I have found that some of the most impactful and meaningful books I have read have challenged my beliefs and made me see the world in a different light. These books may have been considered controversial or offensive by some, but they have ultimately enriched my understanding of complex issues and helped me grow as a person.

While it is important to consider age-appropriate materials in libraries, there are already systems in place, such as ratings and guidelines, to help individuals make informed choices about what they consume. Instead of imposing blanket censorship, we should encourage critical thinking and open dialogue to address any concerns about offensive materials.

In conclusion, censorship in libraries undermines the fundamental principles of intellectual freedom and diversity of thought. Instead of sheltering individuals from ideas that may be uncomfortable or challenging, we should embrace a wide range of voices and perspectives. Let us keep the shelves of our libraries open to all, trusting in the ability of individuals to navigate the vast sea of information and come to their own informed conclusions."
hewlett,2,human,gpt-3.5-turbo-0125,"The cyclist in the essay, Do Not Exceed Posted Speed Limit is greatly affected by the setting. In this case the setting changed the cyclists mood throughout the essay. Towards the beginning of the essay, the mood of the cyclist is humorous. About forty miles into the pedal, I arrived at the first town I chuckled. The setting of the  ghost town made the cyclist chuckle, which made his mood become amusing. In the essay the cyclist describes a new setting, At some point tumbleweeds crossed my path. The tumbleweeds affected the cyclists mood imensly. The reader can tell that he is tired and loosing hope by this point and the tumbleweeds suggest this. However, this hope is quickly restored when the cyclist notices a building. Over one long crippling hill, a building came into view. When the setting changed from nothing to a building, the cyclists mood changes from hopless to hopeful. Clearly, the setting affects the cyclists mood."
hewlett,3,human,gpt-3.5-turbo-0125,"The author concludes with the paragraph, when they come back, Saeng vowed silently to herself, in the spring, when the snows melt and the geese return and this hibiscus is budding, then I will take that test again, to show and/or represent new life in a way. The hibiscus plant symbolizing new life and opportunity for Saeng. Throughouti the story, the hibiscus represents her ability to overcome obstacles and comfort in a time of disappointment. With that, I am to believe that when the hibiscus plant comes back and opens up, Saeng has the confidence and comfort to take the test again. Therefore, the author ends with that paragraph to represent Saengs new opportunity and confidence in taking the test."
hewlett,4,human,gpt-3.5-turbo-0125,"The mood created by the author in this memoir is happiness, love, caring, and unity. As it said in paragraph @NUM1 ""family had nothen to do with being blood relative."" Family represents love and caring about each other. Also when the author talked about his parents leaving Cuba and all thier jobs, friends, relatives, and properties behind to come to @LOCATION1 all because of thier children's future shows a true love of a guardian. Not everyone will have the courage to do this but instead her family came all this while for thier sakes starting thier entire life all over with financial problems and all the troubles they went through, they sacrificed all of it for thier children, and that's what I call love. In conclusion, the mood the author created in the memoir was indeed strong and heart touching. He revealed all the things a parent wants for thier children no matter any cercumstances that will come between them and thier determination for thier posterity of the family's existance."
hewlett,5,gpt-3.5-turbo-0125,human,"The builders of the Empire State Building faced several obstacles in their attempt to allow dirigibles to dock at the building. One major obstacle was safety concerns related to the highly flammable nature of the hydrogen gas used in many dirigibles. The disaster of the German dirigible Hindenburg in 1937 highlighted the dangers of using hydrogen, as it burned in a catastrophic fire. This risk was a significant factor in the decision to abandon the use of the mooring mast for dirigibles.

Another obstacle was the unpredictable and shifting winds at the top of the building. The violent air currents created challenges for dirigibles trying to dock, as even if they were tethered to the mooring mast, the winds would cause the back of the ship to swivel dangerously. This made it difficult to safely moor the dirigibles without risking damage to the ship or the surrounding buildings.

Furthermore, existing laws prohibited airships from flying too low over urban areas, making it illegal for dirigibles to approach or dock at the Empire State Building. This legal barrier added another layer of complexity to the plan to use the mooring mast for dirigibles, as seen when two attempts were made by dirigibles to tie up at the building but were unsuccessful due to the forceful winds and safety concerns.

Overall, the combination of safety risks, wind conditions, and legal restrictions posed significant obstacles for the builders of the Empire State Building in their efforts to establish a mooring mast for dirigibles. These challenges ultimately led to the abandonment of the idea and the repurposing of the building's top floors for other uses."
hewlett,5,human,gpt-3.5-turbo-0125,"The builders of the Empire State Building faced many obstacles while attempting to allow dirigibles to dock there. ""The architects could not simply drop a mooring mast on top of the Empire State building's flat roof."" A thousand-foot dirigible moored at the top of the building, held by a single cable tether, would add stress to the building's frame. As stated, modifications had to be made to the building's framework strengthen and accommodate the new situation. Another great obstacle to the successful use of the mooring mast was nature itself. ""The winds on top of the building were consulate shifting due to violent air currents."" This would leave the dirigibles swiveling any air above pedestrians which was neither practical or safe. The builders of the Empire State Building faced many obstacles during the project which unfortunately led to the known fact that the Empire State Building was never going to fulfill its purpose."
hewlett,6,gpt-3.5-turbo-0125,human,"Title: The Art of Patience

Once upon a time, there lived a young girl named Lily who had always been known for her impatience. She couldn't stand waiting in lines, bore easily during long conversations, and often found herself frustrated when things didn't go her way immediately. Her impatience caused her unnecessary stress and frequently led to arguments with her friends and family.

One day, Lily's grandmother gave her a special gift - a small plant in a pot. She told Lily that this plant would teach her the importance of patience. Lily rolled her eyes, thinking it was a strange gift, but she accepted it nonetheless.

As days turned into weeks, Lily diligently watered the plant and watched as it began to grow. At first, she eagerly awaited for it to bloom, but as time went on, she realized that the plant was taking its own sweet time to grow. She started to understand that the plant needed time, care, and patience to fully blossom.

Weeks turned into months, and Lily found herself becoming more patient as she tended to her plant. She no longer felt the need to rush things or get frustrated when things didn't happen as quickly as she wanted. She learned to appreciate the beauty of slow progress and the joy of witnessing growth over time.

One day, as Lily walked by her plant, she noticed a small bud forming. She couldn't contain her excitement and eagerly waited for it to bloom. And when it finally did, she was overwhelmed with a sense of pride and fulfillment. She realized that the wait was worth it, and the beauty of patience was far more rewarding than instant gratification.

From that day on, Lily's outlook on life changed. She became more understanding and tolerant, learning to navigate through challenges with grace and composure. Her friends and family noticed the transformation and admired her newfound patience.

As the plant continued to thrive, so did Lily's patience. She understood that just like the plant, growth takes time, and the journey itself is as important as the destination. She embraced the art of patience, knowing that good things come to those who wait.

And so, Lily's little plant not only blossomed into a beautiful flower but also blossomed her into a patient and resilient young woman, teaching her the valuable lesson that sometimes, the most beautiful things in life require patience to flourish."
hewlett,6,human,gpt-3.5-turbo-0125,"We had been patient enough on the plane ride to @ORGANIZATION1. We had been patient checking in. now was time for a true test of patience. We sat down at a table in a restaurant of the hotel. Our waitress came over, ordered our drinks and food, then dissappered. We got our drinks and waited for our meal @NUM1 min, @NUM2 min. @NUM3, @NUM4, @NUM5 min. after an hour we called her over and asked for bread. Lo and behold, she brings bread! We ask her where is our food. She promises to bring it out right away. We wait until weve been waiting for @NUM6 hours. We call the manager over to complain, and he brings out the food a minute later. After @NUM6 hours of patience, we finally got our food."
hewlett,7,gpt-3.5-turbo-0125,human,"I once witnessed firsthand how laughter played a vital role in bringing together two people in a heartwarming way.

It was at a family gathering where my distant relatives, whom I had not seen in years, were reuniting after a long time. Among them were my elderly aunt, who was known for her sharp wit and undeniable sense of humor, and my young cousin, who was quite reserved and introverted.

As the dinner progressed, my aunt started sharing amusing stories and cracking jokes, causing everyone at the table to burst into laughter. However, my young cousin seemed to be uncomfortable and hesitant to join in initially. Sensing his hesitation, my aunt decided to take it upon herself to bring him out of his shell.

She directed a playful joke towards him, and to everyone's surprise, he responded with a witty comeback, followed by a genuine smile. This unexpected exchange sparked a series of banter between them, turning into a friendly competition of who could come up with the funniest remark.

Their laughter was contagious, and soon the entire table was filled with joyous sounds of merriment. It was heartwarming to see how my aunt's ability to make my cousin laugh effortlessly bridged the gap between their age difference and personalities.

By the end of the night, my cousin and aunt had formed a special bond through their shared laughter, and it was evident that this lighthearted interaction had brought them closer together. It was a beautiful reminder of how laughter can break down barriers and create meaningful connections between people, no matter how different they may seem at first glance."
hewlett,7,human,gpt-3.5-turbo-0125," Laughter is used as a ""cure"" for everything. Through out life, people underestimate the power of laughter. Laughter and joy have always been my personal way of getting to know other people better. I personally use laughter to create a bond that another person and I can relate at a level to be able to share our thoughts and our feelings through laughter. Laughter is very important through life. Laughter can help someone find people that have similar and common interests as one's self, laughter can create good relationships between compatible people, and to help create stories that are explained later in life. Throughout life, there will always be that one person or that group of people that can enjoy similar things. I have been involved in a lot of social groups. In most of these groups laughter is a common thing between all of these groups. Without this similar interest, Laughter would not exist through life. Laughter helps through every day life. People find these common interests between people and start to create relationships between people that did not exist before. These relationships might be shown through co-workers, through authoritative figures, and friends and family throughout every day life. Someone once said, ""Laughter is the shortest distance between two people."" The relationships between people are built from laughter and enjoyment of being with other people. These relationships are formed at a social level with friendly people. Without these relationships, people would never have good times throughout their life. These relationships are created to help introduce the the stories about life. In my life I have had bad times and good times. The bad times that have occurred through my life are when family member have died. My great grandparents on both of my sides of my family have died. Another horrible thing that has happened in my life is that is that one of my friends died at an early age. What happened is that he was riding an all terrain vehicle. But the good things through my life have been breath taking. The one thing that has been breath taking from my life is most of my conversations with my friends. Laughter is the key point in conversation. When I first started my relationship with @PERSON1 all I could think about was being able to enjoy the times that I have with her. On the first day that we started spending time with each other we could not stop laughing. Everything that either I said or something she did was hilarious to me. The most common thing that we had in common was laughter. At every basketball game we would try and spend as much time as we can together. We try to get to know each other a little bit better by finding common interests through laughing because, ""Laughter is the shortest distance between two people."" Laughter can help someone find people that have common interests as one's self, laughter can create good relationships between compatible people, and to help create stories that are explained later in life. Laughter is used in a personal level to become closer to that person. Laughter can be used through every day life. Laughter is an element to a relationship that should always exist."
reddit,0,gpt-3.5-turbo-0125,human,"In a distant corner of the galaxy, the peaceful alien race known as the Altarians found themselves facing an unprecedented threat from the ruthless Xerathians. Despite their best efforts to defend their planets, the Altarians were slowly being pushed to the brink of extinction.

With no other options left, the Altarians made a bold and desperate decision – they reached out to the humans, a notoriously brutal and advanced species known for their capability for war and destruction. The Altarians offered the humans something they desired greatly: FTL (faster-than-light) technology, in exchange for their assistance in repelling the Xerathian invasion.

The decision was met with skepticism and apprehension among the humans, as they were not known for being saviors or protectors. However, the allure of expanding their reach across the galaxy with FTL technology was too great to ignore. Ultimately, the humans chose to accept the Altarians' offer and prepared to join the fight against the Xerathians.

As the humans arrived with their advanced weaponry and tactics, they quickly turned the tide of the battle in favor of the Altarians. With their combined forces, they launched a daring and ruthless counterattack that caught the Xerathians off guard. The once invincible invaders were pushed back, planet by planet, until they were finally driven out of Altarian space.

Although the humans had brought destruction and chaos with them, their intervention had saved the Altarians from certain annihilation. The two races had forged an uneasy alliance, bound by the shared experience of war and survival.

In the end, the Altarians had sacrificed their peaceful ways to ensure their survival, while the humans had proven that even the most brutal creatures could show mercy and compassion in the face of a common enemy. The galaxy would never be the same again, but perhaps, in this unlikely partnership, there was hope for a better future."
reddit,0,human,gpt-3.5-turbo-0125,"Since the first generation of stars the Stewards have endured . As the first of species to survive the gauntlet of ascension they took upon themselves a holy mission ; use their knowledge to bring forth life wherever possible that the universe might better know itself . From their aboriginal Eden the Stewards spread across their galaxy cataloging habitable planets , after the location of each was recorded a single Steward was left behind to rule as god and bring life to the lifeless . To connect their domains the Stewards constructed the Reach ; a network of bridges beyond of space and time to span the light years between worlds . For eons the Stewards gardened in peace , working to create the best of all possible worlds but random chance can never be conquered . <newline> <newline> On a distant planet a Steward known as Bahl was struggling to keep his garden free of weeds and decay . To this end he created the Rush ; a race of scavengers tasked with making room for new growth . In his hast the would be god made two fatal errors ; he made the Rush to hungry and to smart . As the population of Rush ballooned they devoured the planets other life forms leaving desert where there was once a garden . <newline> <newline> At first Bahl tried to hide his abomination from the other Stewards but he could not contain the Rush ’ s proliferation . By the time the other Stewards knew of Bahl ’ s failure the Rush had already breached the Temple of the Steward and consumed Bahl himself . With the capture of the temple the Rush gained the power of the Stewards and the keys to the Reach . <newline> <newline> Faced with starvation on a dying world the Rush did what came naturally to them , they poured through the gateway storming a thousand worlds and consuming their inhabitants . Against the stolen power of Bahl and the numbers of the Rush the Stewards were powerless to stem the flood . For too long the Stewards had ruled unchallenged , they had beat their swords into plowshares long since . On the eve of annihilation the surviving Stewards met at the Temple of Origin on their home world to discuss the unthinkable ; introducing a dangerous , little known , invasive species , from a wild planet in hopes of balancing the galactic ecosystem . It was a desperate gamble which the Stewards would one day regret because while the Rush consumes to live the Human lives to consume . <newline>
"
reddit,1,human,gpt-3.5-turbo-0125,"FUCK I missed it all . O well . <newline> <newline> Paralysis . <newline> <newline> <newline> Her eyes dilated as her mind shrank , and cold , ghastly tendrils slowly slithered and inched across her dark flesh ; she could feel each individual hair rise as they reached out to expansive void that encapsulated the woman . Her skin puckered and her eyes exploded open as every light died with a defeaning silence . One . <newline> <newline> <newline> Suddenly , every decision every choice and every thought before this moment was one grim mistake . She , at that moment , knew at least that . If she could , she 'd think past the hot tears , think past the cold blood , and shame herself on her choices that led her to the brink-and over the edge-of her mind . Two . <newline> <newline> <newline> But she did n't have the capacity to question her sense of right , as in this moment , her mind was deteriorating into the primal state humanity once arrogantly thought was conquered millenia ago . At the apex of this mental coup d'etat , logic and reasoning desperately tried-yet utterly failed-to wrestle control of the human mind back from the primordial fingers of fight or flight . Soon enough , any and all complex thought was executed and tossed aside as primal instinct surged in . Three . <newline> <newline> <newline> She was feral now . <newline> <newline> <newline> As her mind smoothed over , images of horror and malicious intent clouded her vision and tears readily streamed down her flustered cheeks , like cracks in obsidian . There was no telling what lie beyond the human eye , what lie betwixt nothing and everything , but they existed in her rendition of reality , climbing , crawling , and rising up from the oblivion in her corrupted psyche . The terrors swirled about her as the conjuring was complete . Four . <newline> <newline> <newline> She lashed out wildly , and she cried . She cried as adrenaline pumped and pumped through her , breaking through the ice in her frozen veins . She cried as her body desperately-futilely-attempted to beat back shadows . She cried hot tears and wailed as she could feel the life being choked from her very lungs and her heart stopping she could feel her soul rip away a- <newline> <newline> <newline> Five short minutes later , the lights flickered back to life . The four young-and intoxicated-teens who decided to leave their fifth companion alone in an abandoned house finally let up on their childish prank . Admittedly , they left poor Lucille in the settlement for far longer than they had devised , but the alcohol in their systems muddled their sense of time-not to mention their decision making . <newline> <newline> As the warm feeling swished in their sluggish bodies , they stumbled through the broken front door with raucous laughter . But their cries died in their throats ; for there was only remnants of a victim of a joke-not a single Lucille in sight . In her place were deep , desperate scratches in the walls , and broken fingernails at the end of the ravines . <newline> <newline> As their minds quickly sobered , they collectively realized one thing , the mind of Lucille had snapped-and they were the perpetrators . Fingers were pointed and accusations were hurled like boulders over castle walls . And sometime amidst the arguing and indicting , the lights died . <newline> <newline> Somewhere behind them all , beyond them all , was a deep wail . <newline> <newline> <newline> All she needed was five minutes .
"
reddit,2,gpt-3.5-turbo-0125,human,"Prologue:

The chill of the night wrapped around her like a cloak as she stumbled through the dense, dark forest. Twigs snapped beneath her worn boots, and the sound seemed to echo in the stillness. Her heart pounded frantically in her chest, matching the rhythm of her quickened breaths.

She knew she shouldn't be here, shouldn't have left the safety of her village. But something had called to her from beyond the trees, something she couldn't quite explain. It was a feeling, a pull, a whisper in the wind that seemed to beckon her deeper into the unknown.

As she pushed aside branches and brush, the moonlight cast eerie shadows on the forest floor, playing tricks on her tired mind. She could almost swear she heard voices whispering in the leaves, saw eyes gleaming in the shadows.

And then she stumbled into the clearing.

The moon hung low in the sky, bathing a circle of ancient stones in its soft, silvery light. The air seemed to hum with energy, with power not of this world. She stood frozen on the edge of the clearing, unsure of what to do next.

And then, a figure stepped out from behind one of the stones.

Tall and cloaked in shadows, the figure's face was hidden from view. But its presence was undeniable, its aura of mystery and danger sending a shiver down her spine.

""You shouldn't be here, child,"" a voice echoed through the clearing, deep and resonant.

She opened her mouth to reply, but no words came. She felt as though this figure could see right through her, could read her innermost thoughts and fears.

The figure took a step closer, and she felt a surge of both fear and fascination. Who was this mysterious being? What secrets did they hold?

And as the figure reached out a hand towards her, the world seemed to shift, the fabric of reality bending and twisting around them, pulling her deeper into a realm of magic and mystery she had only ever dreamed of.

Little did she know, her journey was just beginning."
reddit,2,human,gpt-3.5-turbo-0125,"**The Tribe** <newline> <newline> They hunt in the fields and in the woods , stitching together clothes of animal hide and making spears and bows . They fish in the rivers , fashioning themselves nets and hooks . They scavenge in the forests for roots , nuts , and berries . They move with the changing of the seasons . <newline> <newline> <newline> Their children play together , carefree , running and jumping . They roll around in the tall grass and splash in the shallow pools . They help in the finding of food and the building of tools . The whole tribe is content . <newline> <newline> <newline> Their way of life is a simple one , of hunting and gathering , eating and sleeping , always on the move . They live as a tribe , enjoying the simple pleasures of living and the quiet beauty of the natural world . And at night , when the shadows grow long and the sun nears the horizon , they tell each other stories . <newline> <newline> <newline> The tribe elders tell the stories of an ancient and great civilization whose cities rose to the sky and whose wonders were unparalleled . They tell the stories of a people , buoyed up by their pride and creations , to become gods on the earth . They tell stories of an age long gone . They speak of wars and wonders . <newline> <newline> <newline> The tribe elders tell the stories of great heroes and conquerors . They tell of wars that leveled entire cities , of armies millions strong . The tribe elders speak gravely their myths of death and destruction . They speak of a war that split the world apart , bringing the age of that civilization to an end . <newline> <newline> <newline> The children grow up in the shadow of the great ruins . They explore the husks of ancient decrepit towers and cities . They play in the long-dead corpses of the ancient metal war-machines , long silenced . The tribe scavenges from the ruins spare bits of metal , spare bits of cloth , ancient relics to make tools and clothes . The crown of a king who once commanded the entire world is now a speartip for one of the tribe ’ s young boys . The torn robe of a general who once commanded twelve million souls is now the swaddling cloth for one of the tribe ’ s newborn . The ancient power of the people 's ’ past is felt in nothing but relics and stories . <newline> <newline> <newline> The tribe ’ s life is a simple one , eking out a living from land and ruins , telling the stories and laughing , forgetting the wars that plagued a nation ’ s two thousand year past . The names of those who died are laughed about , and forgotten . The tribe is all that remains of a nation that once called itself *Gæraaathinia . * <newline> <newline> <newline> *Perhaps it is for the best . * <newline>
"
reddit,3,gpt-3.5-turbo-0125,human,"In a quiet forest, a small deer looked around nervously, sensing the presence of danger lurking nearby. Suddenly, a rustle. Twigs crack. Predator emerges from shadows, eyes gleaming predatorily. Chase begins, heart pounding terror. Desperation mounts, breath labored. Escape. Sunset."
reddit,3,human,gpt-3.5-turbo-0125,"Potatoes have been one of the main staples for the Irish in what can be described as , `` a bit much . '' How can any ethnic and national population be so greatly taken by something as simple as the common potato ? For an increasingly inquisitive Irishman like Higgins , this mystery weighed heavily upon his often inebriated , and bald , head . Higgins was not the average Irishman , because he held a disdain for anything related to his culture . In a defiant act of protest , Higgins was determined to rid the village of all potatoes . <newline> <newline> As the farmers market set up one Saturday morning , Higgins took desperate and immediate action . There , in the centre of the market , sat six fat carts filled with potatoes . In the blink of an eye , Higgins slammed his car into a cart . He then began spinning , turning the hardy potatoes to instant mashed potatoes . The shattered cart was sent flying into the other potato carts . Higgins sat in his car , considering what he had done . The market had quickly emptied of the panicked vendors . But Higgins realized , with great horror , his failure . There it was , intact on his dashboard . It mockingly stared into his soul . The one thing he hated . Caught in constant pursuit . There it was . Right there . Potato . <newline>
"
reddit,4,gpt-3.5-turbo-0125,human,"The scent of fresh pine filled the air as Sarah gazed in wonder at the vast expanse of the forest before her. Sunlight filtered through the canopy, casting dappled shadows on the moss-covered ground. She could hear the distant call of a bird, the rustling of leaves in the breeze. It was a place of magic, of mystery, beckoning her to explore its hidden depths.

Years later, as she stood at the edge of the forest once again, Sarah could still feel the pull of its ancient secrets. Memories flooded back of the adventures she had embarked upon, the friends she had made, the challenges she had overcome. The forest had changed her, shaped her, and though the path was now overgrown and the sunlight dimmed, she knew there were still mysteries waiting to be unraveled within its depths."
reddit,4,human,gpt-3.5-turbo-0125,"As he took his final steps out of the enormous room he had spent so many years in , Carl stopped to savour the sounds of billions of dollars being made and lost , of masculine banter , of phones ringing , on keyboards clacking away and of the American dream . He was so thankful for what it had given him . <newline> <newline> Carl 's dedication stayed firm , enraging the two FBI officers that hovered over his bed . He could feel the effects of the gangrene pulling him deeper into the safety of death . Of course he could n't be sure that the others would never be found , but he found happiness in knowing that for now , true harmony was as invisible to the rest of the world as it was three weeks ago .
"
reddit,5,gpt-3.5-turbo-0125,human,"Dear Mom,

I hope this letter finds you well. There are so many things I've always wanted to say to you, but for some reason or another, I never did. Maybe it's because I always assumed you already knew how much I appreciate everything you've done for me.

I want you to know that I am grateful for all the sacrifices you made to ensure that I had a good life. I know it wasn't easy, and I want you to know that I appreciate every single thing you did for me, even if it went unnoticed at the time.

I also want to thank you for being there for me through thick and thin. Your unwavering support and love have meant the world to me, and I don't know where I would be without you.

I wish I had told you all of this sooner, but please know that I love you more than words can express. Thank you for being the best mom a child could ever ask for.

With all my love,

[Your Name]"
reddit,6,gpt-3.5-turbo-0125,human,"In the bustling city of power-wielders where hierarchy is determined by one's abilities, you reign supreme as the mysterious Rank #1. Your true power is shrouded in secrecy, a puzzle that no one has been able to solve. Speculations run wild among the citizens, with theories ranging from mind control to time manipulation.

As those around you scheme and plot to climb the ranks by eliminating each other, you observe from the shadows, unruffled by the chaos that ensues. People are mesmerized by your enigmatic presence, wondering what hidden power propels you to the top.

Yet, deep within, you hold the ultimate power - the power of understanding and empathy. While others seek dominance through strength and manipulation, you find strength in compassion and connection. And perhaps, in this city of powers, the most potent ability of all is the ability to inspire hope and unity, a force that transcends rank and hierarchy."
reddit,7,gpt-3.5-turbo-0125,human,"As they stood under the starlit sky, surrounded by silence, she whispered, ""She said she loved him,"" hoping her words would convey all the affection in her heart. Only love had the power to bridge the distance between them."
reddit,7,human,gpt-3.5-turbo-0125,"The cold hard surfaces that lined the lab walls cruelly reflected the pained features of Dr. Emilia Fotzberg , as she was dragged from the facility by khaki coloured grunts . Dr. Stellinger looked at her being pulled from the patient holding area with his sunken , beady eyes . He looked around at the group associates once the calls of the former doctor had receeded ; `` We proceed with phase two immediately . '' he said . <newline> <newline> There was a flurry of activity , so abuzz as to look disorderly , yet clinical and precise . `` I m-must raise objection to the treatment of Dr. Fotzberg , '' one of the associates blurted `` surely you can understand the gravitas of all of this to her ? '' . Dr. Stellinger sneered at the associate , eying him with cold , calculating malice . `` I see no reason for your objection , '' replied the doctor `` afterall , she only said she loved him . ''
"
